gamma,alpha,gravity,length,mass,num_spokes,num_angles,num_speeds,minimum_speed,maximum_speed,timestep,max_time,retry_time,impact_time_tolerance,remaining_time_tolerance,convergence_impacts,speed_tolerance,cache_version,rolling_percent,settled_percent,unresolved_percent,upright_percent,multiplier,exact_multiplier,rolling_exists,estimate_resolved,omega_star,step_time,num_states,source_csv,original_source_csv,original_grid_rolling_percent,grid_difference_pp
0.04,0.5235987755982988,9.81,1,1,6,21,41,-3.0,3.0,0.01,30.0,60.0,1e-09,1e-12,6,0.0001,1,0.0,100.0,0.0,0.0,nan,nan,False,False,nan,nan,861,summary_roa_gamma_0.040_N_6_grid_21x41.csv,new simulation,nan,nan
0.08,0.5235987755982988,9.81,1,1,6,21,41,-3.0,3.0,0.01,30.0,60.0,1e-09,1e-12,6,0.0001,1,0.0,100.0,0.0,0.0,nan,nan,False,False,nan,nan,861,summary_roa_gamma_0.080_N_6_grid_21x41.csv,rimless_wheel_roa_gamma_0.080_N_6.csv,0.0,0.0
0.12,0.5235987755982988,9.81,1,1,6,21,41,-3.0,3.0,0.01,30.0,60.0,1e-09,1e-12,6,0.0001,1,0.0,100.0,0.0,0.0,nan,nan,False,False,nan,nan,861,summary_roa_gamma_0.120_N_6_grid_21x41.csv,new simulation,nan,nan
0.16,0.5235987755982988,9.81,1,1,6,21,41,-3.0,3.0,0.01,30.0,60.0,1e-09,1e-12,6,0.0001,1,0.0,100.0,0.0,0.0,nan,nan,False,False,nan,nan,861,summary_roa_gamma_0.160_N_6_grid_21x41.csv,new simulation,nan,nan
0.2,0.5235987755982988,9.81,1,1,6,21,41,-3.0,3.0,0.01,30.0,60.0,1e-09,1e-12,6,0.0001,1,42.62485481997677,57.37514518002323,0.0,0.0,0.25000066091451434,0.2500000000000001,True,True,1.1398672832394572,1.1406724983453758,861,summary_roa_gamma_0.200_N_6_grid_21x41.csv,new simulation,nan,nan
0.26,0.5235987755982988,9.81,1,1,6,21,41,-3.0,3.0,0.01,30.0,60.0,1e-09,1e-12,6,0.0001,1,54.47154471544715,45.52845528455285,0.0,0.0,0.24999954922116907,0.2500000000000001,True,True,1.2966521543477632,0.7622503846883778,861,summary_roa_gamma_0.260_N_6_grid_21x41.csv,new simulation,nan,nan
0.39,0.5235987755982988,9.81,1,1,6,21,41,-3.0,3.0,0.01,30.0,60.0,1e-09,1e-12,6,0.0001,1,83.39140534262485,16.608594657375146,0.0,0.0,0.2499993034804551,0.2500000000000001,True,True,1.5768424889333357,0.5330027407407764,861,summary_roa_gamma_0.390_N_6_grid_21x41.csv,rimless_wheel_roa_gamma_0.390_N_6.csv,83.1761367993252,0.2152685432996435
0.04,0.4487989505128276,9.81,1,1,7,21,41,-3.0,3.0,0.01,30.0,60.0,1e-09,1e-12,6,0.0001,1,0.0,100.0,0.0,0.0,nan,nan,False,False,nan,nan,861,summary_roa_gamma_0.040_N_7_grid_21x41.csv,new simulation,nan,nan
0.08,0.4487989505128276,9.81,1,1,7,21,41,-3.0,3.0,0.01,30.0,60.0,1e-09,1e-12,6,0.0001,1,0.0,100.0,0.0,0.0,nan,nan,False,False,nan,nan,861,summary_roa_gamma_0.080_N_7_grid_21x41.csv,new simulation,nan,nan
0.12,0.4487989505128276,9.81,1,1,7,21,41,-3.0,3.0,0.01,30.0,60.0,1e-09,1e-12,6,0.0001,1,45.18002322880372,54.81997677119628,0.0,0.0,0.38873995119525895,0.3887395330218429,True,True,1.1385093603917673,1.1101495093107232,861,summary_roa_gamma_0.120_N_7_grid_21x41.csv,new simulation,nan,nan
0.16,0.4487989505128276,9.81,1,1,7,21,41,-3.0,3.0,0.01,30.0,60.0,1e-09,1e-12,6,0.0001,1,60.39488966318235,39.60511033681765,0.0,0.0,0.388740002063393,0.3887395330218429,True,True,1.3134093112664362,0.7309027421474461,861,summary_roa_gamma_0.160_N_7_grid_21x41.csv,new simulation,nan,nan
0.2,0.4487989505128276,9.81,1,1,7,21,41,-3.0,3.0,0.01,30.0,60.0,1e-09,1e-12,6,0.0001,1,70.73170731707317,29.26829268292683,0.0,0.0,0.388740009161744,0.3887395330218429,True,True,1.4666713236790878,0.5943929529190066,861,summary_roa_gamma_0.200_N_7_grid_21x41.csv,new simulation,nan,nan
0.26,0.4487989505128276,9.81,1,1,7,21,41,-3.0,3.0,0.01,30.0,60.0,1e-09,1e-12,6,0.0001,1,81.6492450638792,18.35075493612079,0.0,0.0,0.38873982113367356,0.3887395330218429,True,True,1.668406979945807,0.48687822401523617,861,summary_roa_gamma_0.260_N_7_grid_21x41.csv,new simulation,nan,nan
0.39,0.4487989505128276,9.81,1,1,7,21,41,-3.0,3.0,0.01,30.0,60.0,1e-09,1e-12,6,0.0001,1,97.44483159117306,2.5551684088269453,0.0,0.0,0.38873944295201435,0.3887395330218429,True,True,2.0289288889006927,0.37476420938968674,861,summary_roa_gamma_0.390_N_7_grid_21x41.csv,new simulation,nan,nan
0.04,0.39269908169872414,9.81,1,1,8,21,41,-3.0,3.0,0.01,30.0,60.0,1e-09,1e-12,6,0.0001,1,0.0,100.0,0.0,0.0,nan,nan,False,False,nan,nan,861,summary_roa_gamma_0.040_N_8_grid_21x41.csv,new simulation,nan,nan
0.08,0.39269908169872414,9.81,1,1,8,21,41,-3.0,3.0,0.01,30.0,60.0,1e-09,1e-12,6,0.0001,1,45.063879210220676,54.936120789779324,0.0,0.0,0.4999990595754694,0.5000000000000001,True,True,1.0954628396476571,1.0345498180389412,861,summary_roa_gamma_0.080_N_8_grid_21x41.csv,rimless_wheel_roa_gamma_0.080.csv,45.24192929990031,-0.17805008967963687
0.12,0.39269908169872414,9.81,1,1,8,21,41,-3.0,3.0,0.01,30.0,60.0,1e-09,1e-12,6,0.0001,1,59.69802555168409,40.30197444831591,0.0,0.0,0.4999997427526946,0.5000000000000001,True,True,1.3407677306987908,0.6310365825891499,861,summary_roa_gamma_0.120_N_8_grid_21x41.csv,new simulation,nan,nan
0.16,0.39269908169872414,9.81,1,1,8,21,41,-3.0,3.0,0.01,30.0,60.0,1e-09,1e-12,6,0.0001,1,71.19628339140534,28.80371660859466,0.0,0.0,0.49999959570111474,0.5000000000000001,True,True,1.5467389931158755,0.5018878573179247,861,summary_roa_gamma_0.160_N_8_grid_21x41.csv,rimless_wheel_roa_gamma_0.160.csv,71.32888582163945,-0.13260243023410112
0.2,0.39269908169872414,9.81,1,1,8,21,41,-3.0,3.0,0.01,30.0,60.0,1e-09,1e-12,6,0.0001,1,80.13937282229965,19.860627177700348,0.0,0.0,0.5000005858165689,0.5000000000000001,True,True,1.7272282958249292,0.43036496460437795,861,summary_roa_gamma_0.200_N_8_grid_21x41.csv,new simulation,nan,nan
0.26,0.39269908169872414,9.81,1,1,8,21,41,-3.0,3.0,0.01,30.0,60.0,1e-09,1e-12,6,0.0001,1,90.70847851335657,9.291521486643438,0.0,0.0,0.4999998862954303,0.5000000000000001,True,True,1.9648026781389107,0.36489010035991687,861,summary_roa_gamma_0.260_N_8_grid_21x41.csv,rimless_wheel_roa_gamma_0.260.csv,91.23533471359558,-0.5268562002390098
0.39,0.39269908169872414,9.81,1,1,8,21,41,-3.0,3.0,0.01,30.0,60.0,1e-09,1e-12,6,0.0001,1,99.76771196283391,0.23228803716608595,0.0,0.0,0.5000000461085587,0.5000000000000001,True,True,2.3893719953119428,0.28914770185947425,861,summary_roa_gamma_0.390_N_8_grid_21x41.csv,rimless_wheel_roa_gamma_0.390.csv,99.9846637527797,-0.21695178994578157
0.04,0.3490658503988659,9.81,1,1,9,21,41,-3.0,3.0,0.01,30.0,60.0,1e-09,1e-12,6,0.0001,1,0.0,100.0,0.0,0.0,nan,nan,False,False,nan,nan,861,summary_roa_gamma_0.040_N_9_grid_21x41.csv,new simulation,nan,nan
0.08,0.3490658503988659,9.81,1,1,9,21,41,-3.0,3.0,0.01,30.0,60.0,1e-09,1e-12,6,0.0001,1,58.53658536585366,41.46341463414634,0.0,0.0,0.5868247653106934,0.5868240888334652,True,True,1.234213043419877,0.6453761070966724,861,summary_roa_gamma_0.080_N_9_grid_21x41.csv,new simulation,nan,nan
0.12,0.3490658503988659,9.81,1,1,9,21,41,-3.0,3.0,0.01,30.0,60.0,1e-09,1e-12,6,0.0001,1,73.86759581881533,26.13240418118467,0.0,0.0,0.5868249804837862,0.5868240888334652,True,True,1.5105880012846091,0.4695130920410159,861,summary_roa_gamma_0.120_N_9_grid_21x41.csv,new simulation,nan,nan
0.16,0.3490658503988659,9.81,1,1,9,21,41,-3.0,3.0,0.01,30.0,60.0,1e-09,1e-12,6,0.0001,1,83.85598141695702,16.144018583042975,0.0,0.0,0.586824274163941,0.5868240888334652,True,True,1.7426473733091215,0.38845428764820117,861,summary_roa_gamma_0.160_N_9_grid_21x41.csv,new simulation,nan,nan
0.2,0.3490658503988659,9.81,1,1,9,21,41,-3.0,3.0,0.01,30.0,60.0,1e-09,1e-12,6,0.0001,1,89.19860627177701,10.801393728222996,0.0,0.0,0.5868240449385067,0.5868240888334652,True,True,1.9459972666500236,0.3391093379259111,861,summary_roa_gamma_0.200_N_9_grid_21x41.csv,new simulation,nan,nan
0.26,0.3490658503988659,9.81,1,1,9,21,41,-3.0,3.0,0.01,30.0,60.0,1e-09,1e-12,6,0.0001,1,96.16724738675958,3.832752613240418,0.0,0.0,0.586823890613436,0.5868240888334652,True,True,2.213662577441074,0.2915564167499543,861,summary_roa_gamma_0.260_N_9_grid_21x41.csv,new simulation,nan,nan
0.04,0.3141592653589793,9.81,1,1,10,21,41,-3.0,3.0,0.01,30.0,60.0,1e-09,1e-12,6,0.0001,1,47.386759581881535,52.613240418118465,0.0,0.0,0.654508730979232,0.6545084971874737,True,True,0.9584439654628996,0.9949360394477851,861,summary_roa_gamma_0.040_N_10_grid_21x41.csv,new simulation,nan,nan
0.08,0.3141592653589793,9.81,1,1,10,21,41,-3.0,3.0,0.01,30.0,60.0,1e-09,1e-12,6,0.0001,1,70.03484320557492,29.965156794425088,0.0,0.0,0.6545077612844957,0.6545084971874737,True,True,1.3549022407868834,0.49323703110218076,861,summary_roa_gamma_0.080_N_10_grid_21x41.csv,new simulation,nan,nan
0.12,0.3141592653589793,9.81,1,1,10,21,41,-3.0,3.0,0.01,30.0,60.0,1e-09,1e-12,6,0.0001,1,80.72009291521486,19.279907084785133,0.0,0.0,0.6545088174842284,0.6545084971874737,True,True,1.6583028989671866,0.37672761321067827,861,summary_roa_gamma_0.120_N_10_grid_21x41.csv,new simulation,nan,nan
0.16,0.3141592653589793,9.81,1,1,10,21,41,-3.0,3.0,0.01,30.0,60.0,1e-09,1e-12,6,0.0001,1,88.96631823461092,11.033681765389083,0.0,0.0,0.6545089241685613,0.6545084971874737,True,True,1.9130545116064352,0.3170129400491716,861,summary_roa_gamma_0.160_N_10_grid_21x41.csv,new simulation,nan,nan
0.2,0.3141592653589793,9.81,1,1,10,21,41,-3.0,3.0,0.01,30.0,60.0,1e-09,1e-12,6,0.0001,1,94.65737514518003,5.342624854819976,0.0,0.0,0.654508504561866,0.6545084971874737,True,True,2.136289250228162,0.2791551458835603,861,summary_roa_gamma_0.200_N_10_grid_21x41.csv,new simulation,nan,nan
0.26,0.3141592653589793,9.81,1,1,10,21,41,-3.0,3.0,0.01,30.0,60.0,1e-09,1e-12,6,0.0001,1,98.25783972125436,1.7421602787456445,0.0,0.0,0.6545083100949987,0.6545084971874737,True,True,2.4301285766760636,0.2417542606592179,861,summary_roa_gamma_0.260_N_10_grid_21x41.csv,new simulation,nan,nan
0.04,0.28559933214452665,9.81,1,1,11,21,41,-3.0,3.0,0.01,30.0,60.0,1e-09,1e-12,6,0.0001,1,56.09756097560975,43.90243902439025,0.0,0.0,0.7077066674975385,0.7077075065009433,True,True,1.034601668125126,0.6815639007091526,861,summary_roa_gamma_0.040_N_11_grid_21x41.csv,new simulation,nan,nan
0.08,0.28559933214452665,9.81,1,1,11,21,41,-3.0,3.0,0.01,30.0,60.0,1e-09,1e-12,6,0.0001,1,76.30662020905923,23.693379790940767,0.0,0.0,0.7077075483784012,0.7077075065009433,True,True,1.4625624125950452,0.40243739306926746,861,summary_roa_gamma_0.080_N_11_grid_21x41.csv,new simulation,nan,nan
0.12,0.28559933214452665,9.81,1,1,11,21,41,-3.0,3.0,0.01,30.0,60.0,1e-09,1e-12,6,0.0001,1,86.29500580720092,13.70499419279907,0.0,0.0,0.7077081738081011,0.7077075065009433,True,True,1.790071206405437,0.3144455647468568,861,summary_roa_gamma_0.120_N_11_grid_21x41.csv,new simulation,nan,nan
0.16,0.28559933214452665,9.81,1,1,11,21,41,-3.0,3.0,0.01,30.0,60.0,1e-09,1e-12,6,0.0001,1,92.21835075493613,7.781649245063879,0.0,0.0,0.707707050574286,0.7077075065009433,True,True,2.0650653144510107,0.26703075349330907,861,summary_roa_gamma_0.160_N_11_grid_21x41.csv,new simulation,nan,nan
0.2,0.28559933214452665,9.81,1,1,11,21,41,-3.0,3.0,0.01,30.0,60.0,1e-09,1e-12,6,0.0001,1,96.28339140534263,3.7166085946573753,0.0,0.0,0.7077072404648618,0.7077075065009433,True,True,2.306038226049414,0.2363082647323609,861,summary_roa_gamma_0.200_N_11_grid_21x41.csv,new simulation,nan,nan
0.26,0.28559933214452665,9.81,1,1,11,21,41,-3.0,3.0,0.01,30.0,60.0,1e-09,1e-12,6,0.0001,1,99.76771196283391,0.23228803716608595,0.0,0.0,0.7077073609066055,0.7077075065009433,True,True,2.6232259472501376,0.2055249804258347,861,summary_roa_gamma_0.260_N_11_grid_21x41.csv,new simulation,nan,nan
0.04,0.2617993877991494,9.81,1,1,12,21,41,-3.0,3.0,0.01,30.0,60.0,1e-09,1e-12,6,0.0001,1,63.41463414634146,36.58536585365854,0.0,0.0,0.7499998040281489,0.7500000000000001,True,True,1.1038125527818197,0.5398107182979586,861,summary_roa_gamma_0.040_N_12_grid_21x41.csv,new simulation,nan,nan
0.08,0.2617993877991494,9.81,1,1,12,21,41,-3.0,3.0,0.01,30.0,60.0,1e-09,1e-12,6,0.0001,1,81.6492450638792,18.35075493612079,0.0,0.0,0.750000248757592,0.7500000000000001,True,True,1.5604022301402545,0.340098233819008,861,summary_roa_gamma_0.080_N_12_grid_21x41.csv,rimless_wheel_roa_gamma_0.080_N_12.csv,81.95690514531094,-0.3076600814317345
0.12,0.2617993877991494,9.81,1,1,12,21,41,-3.0,3.0,0.01,30.0,60.0,1e-09,1e-12,6,0.0001,1,90.2439024390244,9.75609756097561,0.0,0.0,0.7499999538263995,0.7500000000000001,True,True,1.9098201064998175,0.2691770803928376,861,summary_roa_gamma_0.120_N_12_grid_21x41.csv,new simulation,nan,nan
0.16,0.2617993877991494,9.81,1,1,12,21,41,-3.0,3.0,0.01,30.0,60.0,1e-09,1e-12,6,0.0001,1,95.58652729384437,4.413472706155633,0.0,0.0,0.7499997354019055,0.7500000000000001,True,True,2.203210265972316,0.22985984206199653,861,summary_roa_gamma_0.160_N_12_grid_21x41.csv,new simulation,nan,nan
0.2,0.2617993877991494,9.81,1,1,12,21,41,-3.0,3.0,0.01,30.0,60.0,1e-09,1e-12,6,0.0001,1,97.5609756097561,2.4390243902439024,0.0,0.0,0.750000171993457,0.7500000000000001,True,True,2.460303341401741,0.204045804142952,861,summary_roa_gamma_0.200_N_12_grid_21x41.csv,new simulation,nan,nan
0.26,0.2617993877991494,9.81,1,1,12,21,41,-3.0,3.0,0.01,30.0,60.0,1e-09,1e-12,6,0.0001,1,99.76771196283391,0.23228803716608595,0.0,0.0,0.7499999790032046,0.7500000000000001,True,True,2.7987097049678162,0.17795144796371462,861,summary_roa_gamma_0.260_N_12_grid_21x41.csv,new simulation,nan,nan
